Названия;Цена;Наличии
Ультрабук Acer Swift 1 SF114-32-C6XS (NX.GXVER.001) Sparkly Silver;37 990 сомЦена:33 590 сом;https://www.sulpak.kg//g/noutbuk_acer_swift_1_sf113_31_pure_silver_nx_gxver_001_62_1496
Ноутбук Acer Nitro 5 AN515-44 R585SGN (NH.Q9HER.007);75 990 сомЦена:71 990 сом;https://www.sulpak.kg//g/noutbuk_acer_nitro_5_an515_44_r585sgn_nh_q9her_007_62_2021
Ноутбук Acer Extensa 15 EX215-52-36GF (NX.EG8ER.01U);43 990 сомЦена:41 990 сом;https://www.sulpak.kg//g/noutbuk_acer_extensa_15_ex215_52_36gf_nx_eg8er_01u_62_2089
Ноутбук Acer TravelMate TMB118-M-C6JP C46SUW (NX.VHSER.00A);Цена:31 990 сом;https://www.sulpak.kg//g/noutbuk_acer_travelmate_tmb118_m_c6jp_c46suw_nx_vhser_00a_62_2084
Ультрабук Acer Swift 1 SF114-32 (NX.GXUER.00E);Цена:37 990 сом;https://www.sulpak.kg//g/noutbuk_acer_swift_1_sf114_32_c41suw_nx_gxuer_00e_62_2027
Ноутбук Acer Nitro 5 AN515-55 I585SGN (NH.Q7PER.002);Цена:83 990 сом;https://www.sulpak.kg//g/noutbuk_acer_nitro_5_an515_55_i585sgn_nh_q7per_002_62_2023
Ноутбук Acer Swift 1 SF114-32 Silver (NX.GXUER.00B);Цена:43 990 сом;https://www.sulpak.kg//g/noutbuk_acer_swift_1_sf114_32_silver_nx_gxuer_00b_62_1720
Ультрабук Lenovo IdeaPad 5 14IIL05 (81YH00KERK);59 990 сомЦена:53 090 сом;https://www.sulpak.kg//g/noutbuk_lenovo_ideapad_s540_i382uw_lenpn10_62_1922
Ноутбук Lenovo Ideapad S145-15IIL (81W800KNRK);43 990 сомЦена:41 990 сом;https://www.sulpak.kg//g/noutbuk_lenovo_ideapad_s145_81w800knrk_62_1782
Ноутбук Lenovo V14-IGL (82C2000YRU);31 990 сомЦена:25 990 сом;https://www.sulpak.kg//g/noutbuk_lenovo_v14_igl_82c2000yru_62_2090
Ноутбук Lenovo Legion Y540-15IRH (81SX016VRK);Цена:87 990 сом;https://www.sulpak.kg//g/noutbuk_lenovo_legion_y540_15irh_i5161tsgn_81sx016vrk_62_1976
Ноутбук Lenovo Legion Y720 (80VR001URK);Цена:143 590 сом;https://www.sulpak.kg//g/noutbuk_lenovo_y720_80vr001urk
Ноутбук Lenovo IdeaPad 3 I381TMW (81WE00Q7RK);Цена:49 990 сом;https://www.sulpak.kg//g/noutbuk_lenovo_ideapad_3_i381tmw_lenpn3_62_1913
Ультрабук Acer Swift 1 SF114-33 P42SUW Silver (NX.HYSER.002);Цена:43 990 сом;https://www.sulpak.kg//g/noutbuk_acer_swift_3_sf114_33_silver__p42suw_nx_hyser_002_62_1992
Ультрабук  Acer Swift 1 SF114-33 P41SUW Blue (NX.A3FER.001);Цена:41 990 сом;https://www.sulpak.kg//g/noutbuk_acer_swift_3_blue_sf114_33_p41suw_nx_a3fer_001_62_1990
Ультрабук Acer Swift 1 SF114-33 Silver (NX.HYSER.001);Цена:41 990 сом;https://www.sulpak.kg//g/noutbuk_acer_swift_3_silver_sf114_33_p41suw_nx_hyser_001_62_1991
Ультрабук Dell Inspiron 5401 I585SMN 210-AVOM-A4;Цена:73 990 сом;https://www.sulpak.kg//g/noutbuk_dell_inspiron_5401_i585smn_210_avom_a4_62_2050
Ноутбук Lenovo IdeaPad 5 14IIL05 (81YH00J4RK);Цена:59 990 сом;https://www.sulpak.kg//g/noutbuk_lenovo_ideapad_5_14iil05_i585suw_81yh00j4rk_62_1971
Ультрабук Asus VivoBook 15 X512J (90NB0QU2-M14900);Цена:51 990 сом;https://www.sulpak.kg//g/ultrabuk_asus_vivobook_15_x512j_90nb0qu2_m14900_62_2140
Ноутбук Lenovo Idea Pad Gaming 3 15IMH05 (81Y400MPRK);Цена:75 990 сом;https://www.sulpak.kg//g/noutbuk_lenovo_idea_pad_gaming_3_15imh05_i585sgn_81y400mprk_62_1974
Ноутбук Asus X515JA-EJ013T (90NB0SR2-M05420);49 990 сомЦена:45 990 сом;https://www.sulpak.kg//g/noutbuk_asus_laptops_15_x515ja_ej013t_i342suw_90nb0sr2_m05420_62_2142
Ноутбук Acer Aspire 3 A315-57G (NX.HZRER.008);Цена:47 990 сом;https://www.sulpak.kg//g/noutbuk_acer_aspire_3_a315_57g_i341tmw_nx_hzrer_008_62_1983
Ноутбук Lenovo IdeaPad 3 15ADA05 (81W100RBRK);Цена:33 990 сом;https://www.sulpak.kg//g/noutbuk_lenovo_ideapad_3_15ada05_a41tuw_81w100rark_62_1962
Ноутбук Asus TUF Gaming FX506LI (90NR03T2-M06290);Цена:87 990 сом;https://www.sulpak.kg//g/noutbuk_asus_tuf_gaming_fx506li_90nr03t2_m06290_62_2156
Ноутбук Asus X515EA-BQ091T I342SUW (90NB0TY3-M01220);Цена:47 990 сом;https://www.sulpak.kg//g/noutbuk_asus_laptops_15_x515ea_bq091t_i342suw_90nb0ty3_m01220_62_2143
Ноутбук lenovo IdeaPad 3 (81WE005YRK);Цена:41 990 сом;https://www.sulpak.kg//g/noutbuk_lenovo_ideapad_3_81we005yrk_62_2205
Ноутбук Lenovo IdeaPad 3 (81WD00YMRK);Цена:43 990 сом;https://www.sulpak.kg//g/noutbuk_lenovo_ideapad_s3_81wd00ymrk_62_2138
Ноутбук Acer Nitro 5 AN515-55-50CH (NH.Q7MER.005);Сообщите когда появится;https://www.sulpak.kg//g/noutbuk__nitro_5_an515_55_50ch_i585gn_nh_q7mer_005_62_1878
Ноутбук Acer Aspire 3 A315-56 I341TUN (NX.HS5ER.00V);Сообщите когда появится;https://www.sulpak.kg//g/noutbuk_acer_aspire_3_a315_56_i341tun_nx_hs5er_00v_62_1987
Ноутбук Asus ZenBook UM431DA-AM020T R785UW (90NB0PB3-M01810);Сообщите когда появится;https://www.sulpak.kg//g/noutbuk_asus_zenbook_um431da_am020t_r785uw_90nb0pb3_m01810_62_1747
Ноутбук Apple MacBook Air 13″ i5 1.8/8Gb/128SSD Silver (MQD32);Сообщите когда появится;https://www.sulpak.kg//g/noutbuk_apple_macbook_air_13_mqd32rua
Названия;Цена;Наличии
Ультрабук Acer Swift 1 SF114-32-C6XS (NX.GXVER.001) Sparkly Silver;37 990 сомЦена:33 590 сом;https://www.sulpak.kg//g/noutbuk_acer_swift_1_sf113_31_pure_silver_nx_gxver_001_62_1496
Ноутбук Acer Nitro 5 AN515-44 R585SGN (NH.Q9HER.007);75 990 сомЦена:71 990 сом;https://www.sulpak.kg//g/noutbuk_acer_nitro_5_an515_44_r585sgn_nh_q9her_007_62_2021
Ноутбук Acer Extensa 15 EX215-52-36GF (NX.EG8ER.01U);43 990 сомЦена:41 990 сом;https://www.sulpak.kg//g/noutbuk_acer_extensa_15_ex215_52_36gf_nx_eg8er_01u_62_2089
Ноутбук Acer TravelMate TMB118-M-C6JP C46SUW (NX.VHSER.00A);Цена:31 990 сом;https://www.sulpak.kg//g/noutbuk_acer_travelmate_tmb118_m_c6jp_c46suw_nx_vhser_00a_62_2084
Ультрабук Acer Swift 1 SF114-32 (NX.GXUER.00E);Цена:37 990 сом;https://www.sulpak.kg//g/noutbuk_acer_swift_1_sf114_32_c41suw_nx_gxuer_00e_62_2027
Ноутбук Acer Nitro 5 AN515-55 I585SGN (NH.Q7PER.002);Цена:83 990 сом;https://www.sulpak.kg//g/noutbuk_acer_nitro_5_an515_55_i585sgn_nh_q7per_002_62_2023
Ноутбук Acer Swift 1 SF114-32 Silver (NX.GXUER.00B);Цена:43 990 сом;https://www.sulpak.kg//g/noutbuk_acer_swift_1_sf114_32_silver_nx_gxuer_00b_62_1720
Ультрабук Lenovo IdeaPad 5 14IIL05 (81YH00KERK);59 990 сомЦена:53 090 сом;https://www.sulpak.kg//g/noutbuk_lenovo_ideapad_s540_i382uw_lenpn10_62_1922
Ноутбук Lenovo Ideapad S145-15IIL (81W800KNRK);43 990 сомЦена:41 990 сом;https://www.sulpak.kg//g/noutbuk_lenovo_ideapad_s145_81w800knrk_62_1782
Ноутбук Lenovo V14-IGL (82C2000YRU);31 990 сомЦена:25 990 сом;https://www.sulpak.kg//g/noutbuk_lenovo_v14_igl_82c2000yru_62_2090
Ноутбук Lenovo Legion Y540-15IRH (81SX016VRK);Цена:87 990 сом;https://www.sulpak.kg//g/noutbuk_lenovo_legion_y540_15irh_i5161tsgn_81sx016vrk_62_1976
Ноутбук Lenovo Legion Y720 (80VR001URK);Цена:143 590 сом;https://www.sulpak.kg//g/noutbuk_lenovo_y720_80vr001urk
Ноутбук Lenovo IdeaPad 3 I381TMW (81WE00Q7RK);Цена:49 990 сом;https://www.sulpak.kg//g/noutbuk_lenovo_ideapad_3_i381tmw_lenpn3_62_1913
Ультрабук Acer Swift 1 SF114-33 P42SUW Silver (NX.HYSER.002);Цена:43 990 сом;https://www.sulpak.kg//g/noutbuk_acer_swift_3_sf114_33_silver__p42suw_nx_hyser_002_62_1992
Ультрабук  Acer Swift 1 SF114-33 P41SUW Blue (NX.A3FER.001);Цена:41 990 сом;https://www.sulpak.kg//g/noutbuk_acer_swift_3_blue_sf114_33_p41suw_nx_a3fer_001_62_1990
Ультрабук Acer Swift 1 SF114-33 Silver (NX.HYSER.001);Цена:41 990 сом;https://www.sulpak.kg//g/noutbuk_acer_swift_3_silver_sf114_33_p41suw_nx_hyser_001_62_1991
Ультрабук Dell Inspiron 5401 I585SMN 210-AVOM-A4;Цена:73 990 сом;https://www.sulpak.kg//g/noutbuk_dell_inspiron_5401_i585smn_210_avom_a4_62_2050
Ноутбук Lenovo IdeaPad 5 14IIL05 (81YH00J4RK);Цена:59 990 сом;https://www.sulpak.kg//g/noutbuk_lenovo_ideapad_5_14iil05_i585suw_81yh00j4rk_62_1971
Ультрабук Asus VivoBook 15 X512J (90NB0QU2-M14900);Цена:51 990 сом;https://www.sulpak.kg//g/ultrabuk_asus_vivobook_15_x512j_90nb0qu2_m14900_62_2140
Ноутбук Lenovo Idea Pad Gaming 3 15IMH05 (81Y400MPRK);Цена:75 990 сом;https://www.sulpak.kg//g/noutbuk_lenovo_idea_pad_gaming_3_15imh05_i585sgn_81y400mprk_62_1974
Ноутбук Asus X515JA-EJ013T (90NB0SR2-M05420);49 990 сомЦена:45 990 сом;https://www.sulpak.kg//g/noutbuk_asus_laptops_15_x515ja_ej013t_i342suw_90nb0sr2_m05420_62_2142
Ноутбук Acer Aspire 3 A315-57G (NX.HZRER.008);Цена:47 990 сом;https://www.sulpak.kg//g/noutbuk_acer_aspire_3_a315_57g_i341tmw_nx_hzrer_008_62_1983
Ноутбук Lenovo IdeaPad 3 15ADA05 (81W100RBRK);Цена:33 990 сом;https://www.sulpak.kg//g/noutbuk_lenovo_ideapad_3_15ada05_a41tuw_81w100rark_62_1962
Ноутбук Asus TUF Gaming FX506LI (90NR03T2-M06290);Цена:87 990 сом;https://www.sulpak.kg//g/noutbuk_asus_tuf_gaming_fx506li_90nr03t2_m06290_62_2156
Ноутбук Asus X515EA-BQ091T I342SUW (90NB0TY3-M01220);Цена:47 990 сом;https://www.sulpak.kg//g/noutbuk_asus_laptops_15_x515ea_bq091t_i342suw_90nb0ty3_m01220_62_2143
Ноутбук lenovo IdeaPad 3 (81WE005YRK);Цена:41 990 сом;https://www.sulpak.kg//g/noutbuk_lenovo_ideapad_3_81we005yrk_62_2205
Ноутбук Lenovo IdeaPad 3 (81WD00YMRK);Цена:43 990 сом;https://www.sulpak.kg//g/noutbuk_lenovo_ideapad_s3_81wd00ymrk_62_2138
Ноутбук Acer Nitro 5 AN515-55-50CH (NH.Q7MER.005);Сообщите когда появится;https://www.sulpak.kg//g/noutbuk__nitro_5_an515_55_50ch_i585gn_nh_q7mer_005_62_1878
Ноутбук Acer Aspire 3 A315-56 I341TUN (NX.HS5ER.00V);Сообщите когда появится;https://www.sulpak.kg//g/noutbuk_acer_aspire_3_a315_56_i341tun_nx_hs5er_00v_62_1987
Ноутбук Asus ZenBook UM431DA-AM020T R785UW (90NB0PB3-M01810);Сообщите когда появится;https://www.sulpak.kg//g/noutbuk_asus_zenbook_um431da_am020t_r785uw_90nb0pb3_m01810_62_1747
Ноутбук Apple MacBook Air 13″ i5 1.8/8Gb/128SSD Silver (MQD32);Сообщите когда появится;https://www.sulpak.kg//g/noutbuk_apple_macbook_air_13_mqd32rua
Ноутбук Lenovo IdeaPad Gaming 3 I781T1SGN (81Y400NTRK);Сообщите когда появится;https://www.sulpak.kg//g/noutbuk_lenovo_ideapad_gaming_3_i781t1sgn_lenpn1_62_1911
Ноутбук Acer Aspire 7 Gaming  A715-75G-701Q (NH.Q87ER.00F);Сообщите когда появится;https://www.sulpak.kg//g/noutbuk_acer_aspire_7_gaming_a715_75g_701q_i7165gn_nh_q87er_00f_62_1869
Ноутбук Asus ZenBook 14 UX425E (90NB0SM1-M00250);Сообщите когда появится;https://www.sulpak.kg//g/noutbuk_asus_zenbook_14_ux425e_90nb0sm1_m00250_62_2098
Ноутбук Asus Rog Zephyrus GA401I (90NR03I6-M05840);Сообщите когда появится;https://www.sulpak.kg//g/noutbuk_asus_rog_zephyrus_ga401i_r7165sgn_90nr03i6_m05840_62_2041
Ноутбук Apple MacBook Air 13″ (2020) i3 1,1/8Gb/256GB SSD Space Gray (MWTJ2);Сообщите когда появится;https://www.sulpak.kg//g/noutbuk_apple_macbook_air_2020_space_grey_i382ux_mwtj2_62_1813
Ноутбук Acer Nitro 5 AN515-44 R5165SGN (NH.Q9HER.00L);Сообщите когда появится;https://www.sulpak.kg//g/noutbuk_acer_nitro_5_an515_44_r5165sgn_nh_q9her_00l_62_2022
Ноутбук Acer Swift 3 SF314-57G-59DK I585MW (NX.HUGER.002);Сообщите когда появится;https://www.sulpak.kg//g/noutbuk_acer_swift_3_sf314_57g_59dk_i585mw_nx_huger_002_62_1866
Ноутбук Apple MacBook Air 13″ M1 3.2/8Gb/256GB SSD Space Gray (MGN63);Сообщите когда появится;https://www.sulpak.kg//g/noutbuk_apple_macbook_air_13_8gb256gb_ssd_space_gray_mgn63_62_2067
Ноутбук Acer Aspire 3 A315-34 C41TUW (NX.HE3ER.011);Сообщите когда появится;https://www.sulpak.kg//g/noutbuk_acer_aspire_3_a315_34_c41tuw_nx_he3er_011_62_1982
Ноутбук Apple MacBook Pro 13″ i5 2.3/8/128Gb Silver (MPXR2);Сообщите когда появится;https://www.sulpak.kg//g/noutbuk_apple_macbook_pro_13_mpxr2_silver__a1708
Ноутбук Apple MacBook Air 13″ (2020) i5 1,1/8Gb/512GB SSD Space Gray (MVH22);Сообщите когда появится;https://www.sulpak.kg//g/noutbuk_apple_macbook_air_2020_space_grey_i385ux_mvh22_62_1816
Ноутбук Asus TUF Gaming FX505GT (90NR02M2-M03250);Сообщите когда появится;https://www.sulpak.kg//g/noutbuk_asus_tuf_gaming_fx505g_i585sgn_90nr02m2_m03250_62_2008
Ноутбук Acer Nitro 5 AN515-44-R329 (NH.Q9GER.006);Сообщите когда появится;https://www.sulpak.kg//g/noutbuk__nitro_5_an515_44_r329_r5165gn_nh_q9ger_006_62_1884
Ноутбук Acer Aspire 3 A315-23G-R029 A85MW (NX.HVRER.00F);Сообщите когда появится;https://www.sulpak.kg//g/noutbuk_acer_aspire_3_a315_23g_r029_a85mw_nx_hvrer_00f_62_1853
Ноутбук Lenovo Ideapad S145 (81N300DXRK);Сообщите когда появится;https://www.sulpak.kg//g/noutbuk_lenovo_ideapad_s145_81n300dxrk_62_1780
Ноутбук Asus TUF Gaming FX506L (90NR03T2-M01550);Сообщите когда появится;https://www.sulpak.kg//g/noutbuk_asus_tuf_gaming_fx506l_i585sgn_90nr03t2_m01550_62_2017
Ноутбук Apple MacBook Air 13″ (2020) i3 1,1/8Gb/256GB SSD Gold (MWTL2);Сообщите когда появится;https://www.sulpak.kg//g/noutbuk_apple_macbook_air_2020_gold_i385ux_mwtl2_62_1815
Ноутбук Lenovo IdeaPad 5 15IIL05 I342UW (81YK00PKRK);Сообщите когда появится;https://www.sulpak.kg//g/noutbuk_lenovo_ideapad_s540_i342uw_lenpn10_62_1920
Ноутбук Asus E Gaming X571G I585SGN (90NB0NL1-M11970);Сообщите когда появится;https://www.sulpak.kg//g/noutbuk_asus_e_gaming_x571g_i585gn_90nb0nl1_m11960_62_1893
Ноутбук Asus X509J (90NB0QE2-M04160);Сообщите когда появится;https://www.sulpak.kg//g/noutbuk_asus_laptop_15_x509j_i341tun_90nb0qe2_m04160_62_1892
Ноутбук Apple MacBook Air 13″ (2020) i3 1,1/8Gb/256GB SSD Silver (MWTK2);Сообщите когда появится;https://www.sulpak.kg//g/noutbuk_apple_macbook_air_2020_silver_i382ux_mwtk2_62_1814
Ноутбук Acer Predator Triton 300 PT315-52-58EU (NH.Q7BER.004);Сообщите когда появится;https://www.sulpak.kg//g/noutbuk__predator_triton_300_pt315_52_58eu_i5161tsgn_nh_q7ber_004_62_1870
Ультрабук Apple MacBook Air 13'' i5 1,6/8Gb/128GB SSD Space Grey (MVFH2);Сообщите когда появится;https://www.sulpak.kg//g/ultrabuk_apple_macbook_air_2019_space_gray_mvfh2rua_62_1737
Ноутбук Asus X509J (90NB0QD2-M05690);Сообщите когда появится;https://www.sulpak.kg//g/noutbuk_asus_laptops_15_x509j_i341tmw_90nb0qd2_m05690_62_2044
Ноутбук Lenovo IdeaPad Gaming 3 I781T1SGN (81Y400NVRK);Сообщите когда появится;https://www.sulpak.kg//g/noutbuk_lenovo_ideapad_gaming_3_i781t1sgn_lenpn6_62_1916
"Ноутбук Apple MacBook Pro 16"" i9 2.3/16/1TB SSD Space Grey (MVVK2)";Сообщите когда появится;https://www.sulpak.kg//g/noutbuk_apple_macbook_pro_16_i9_1000_space_grey_mvvk2_62_1706
Ноутбук Asus TUF Gaming FX706L (90NR03S2-M01990);Сообщите когда появится;https://www.sulpak.kg//g/noutbuk_asus_tuf_gaming_fx706l_i5165sgn_90nr03s2_m01990_62_2038
Ноутбук Asus X509UA-BR039T (90NB0NC2-M05520);Сообщите когда появится;https://www.sulpak.kg//g/noutbuk_asus_laptops_15_x509ua_br039t_i341tuw_90nb0nc2_m05520_62_1947
Ноутбук Apple MacBook Pro 13″ M1 3.2/8Gb/256GB SSD Space Gray (MYD82);Сообщите когда появится;https://www.sulpak.kg//g/noutbuk_apple_macbook_pro_13_m1_3_28gb256gb_ssd_space_gray_myd82_62_2073
Ноутбук Asus TUF Gaming FA506I R585GN (90NR03M2-M04110);Сообщите когда появится;https://www.sulpak.kg//g/noutbuk_asus_tuf_gaming_fa506i_r585gn_90nr03m2_m04110_62_1898
Ультрабук Asus E410MA (90NB0Q16-M05550);Сообщите когда появится;https://www.sulpak.kg//g/noutbuk_asus_e410ma_s41suw_90nb0q16_m05550_62_2078
"Ноутбук Apple MacBook Pro 16"" Space Grey (MVVJ2)";Сообщите когда появится;https://www.sulpak.kg//g/noutbuk_apple_macbook_pro_16_i7512_space_grey_mvvj2_62_1704
Ноутбук Lenovo Ideapad S145 V15-IIL I585SUN (82C500FNRK);Сообщите когда появится;https://www.sulpak.kg//g/noutbuk_lenovo_v15_iil_i585sun_82c500fnrk_62_2018
Ноутбук Acer Predator Triton 500 PT515-52-73Q8 (NH.Q6YER.005);Сообщите когда появится;https://www.sulpak.kg//g/noutbuk__predator_triton_500_pt515_52_73q8_i7322tsgn_nh_q6yer_005_62_1873
Ноутбук Asus TUF Gaming FX506LU (90NR0422-M04260);Сообщите когда появится;https://www.sulpak.kg//g/noutbuk_asus_tuf_gaming_fx506lu_i5165sgn_90nr0422_m04260_62_2031
Ноутбук Acer Aspire 3 A315-57G-382U I341TMN (NX.HZRER.007);Сообщите когда появится;https://www.sulpak.kg//g/noutbuk_acer_aspire_3_a315_57g_382u_i341tmn_nx_hzrer_007_62_1856
Ультрабук Asus VivoBook 14 X412FA-EB1219T I342SUW (90NB0L92-M18340);Сообщите когда появится;https://www.sulpak.kg//g/noutbuk_asus_vivobook_14_x412fa_eb1219t_i342suw_90nb0l92_m18340_62_1946
Ноутбук Lenovo IdeaPad Gaming 3 I581T1GN (81Y400NWRK);Сообщите когда появится;https://www.sulpak.kg//g/noutbuk_lenovo_ideapad_gaming_3_i581t1gn_lenpn5_62_1915
Ноутбук Acer Swift 3 SF314-58G (NX.HPKER.002);Сообщите когда появится;https://www.sulpak.kg//g/noutbuk_acer_swift_3_sf314_58g_i782mn_nx_hpker_002_62_1849
Ноутбук Lenovo IdeaPad S145 I341TUN (81W800R8RK);Сообщите когда появится;https://www.sulpak.kg//g/noutbuk_lenovo_ideapad_s145_i341tun_lenpn2_62_1912
Ноутбук Asus E410M P41UW (90NB0Q11-M09810);Сообщите когда появится;https://www.sulpak.kg//g/noutbuk_asus_e410m_p41uw_90nb0q11_m09810_62_1895
Ноутбук Apple MacBook Air 13″ M1 3.2/8Gb/256GB SSD Gold (MGND3);Сообщите когда появится;https://www.sulpak.kg//g/noutbuk_apple_macbook_air_13_m1_3_28gb256gb_ssd_gold_mgnd3_62_2071
Ноутбук Lenovo Legion 7 15IMH05 I5161TSGN (81YT008XRK);Сообщите когда появится;https://www.sulpak.kg//g/noutbuk_lenovo_legion7_15imh05_i5161tsgn_81yt008xrk_62_1980
Ноутбук Acer Aspire 3 A315-22 A441TUN (NX.HE8ER.02G);Сообщите когда появится;https://www.sulpak.kg//g/noutbuk_acer_aspire_3_a315_22_a441tun_nx_he8er_02g_62_2019
Ноутбук Acer Swift 3 SF314-57-35KA I382UW (NX.HJ7ER.003);Сообщите когда появится;https://www.sulpak.kg//g/noutbuk_acer_swift_3_sf314_57_35ka_pink_i382uw_nx_hj7er_003_62_1864
Ультрабук Acer Swift 3 SF314-41G R382SMW (NX.HFGER.002);Сообщите когда появится;https://www.sulpak.kg//g/noutbuk_acer_swift_3_sf314_41g_r382smw_nx_hfger_002_62_1986
Ноутбук Lenovo Yoga C930-13IKB (81C4007BRK);Сообщите когда появится;https://www.sulpak.kg//g/noutbuk_lenovo_yoga_c930_13ikb_81c4007brk
Ноутбук Acer Swift 5 SF514-54T-51UF (NX.HHYER.006);Сообщите когда появится;https://www.sulpak.kg//g/noutbuk_acer_swift_5_sf514_54t_51uf_i5165uw_nx_hhyer_006_62_1867
Ноутбук Asus Rog Strix G512L  (90NR0351-M04890);Сообщите когда появится;https://www.sulpak.kg//g/noutbuk_asus_rog_strix_g512l_i785sgn_90nr0351_m04890_62_2042
Ноутбук Acer Aspire 3 A315-56-37Y1 I341TUW (NX.HS5ER.00R);Сообщите когда появится;https://www.sulpak.kg//g/noutbuk_acer_aspire_3_a315_56_37y1_i341tuw_nx_hs5er_00r_62_1858
Ноутбук Acer Predator Triton 300 PT315-52 I5165SGN (NH.Q7CER.00B);Сообщите когда появится;https://www.sulpak.kg//g/noutbuk_acer_predator_triton_300_pt315_52_i5165sgn_nh_q7cer_00b_62_2026
"Ноутбук Apple MacBook Pro 16"" i9 2.3/16/1TB SSD Silver (MVVM2)";Сообщите когда появится;https://www.sulpak.kg//g/noutbuk_apple_macbook_pro_16_i9_1000_silver_mvvm2_62_1707
Ноутбук Asus TUF DashF15 FX516PM-HN013 (90NR05X1-M00170);Сообщите когда появится;https://www.sulpak.kg//g/noutbuk_asus_tuf_dashf15_fx516pm_hn013_90nr05x1_m00170_62_2110
Ноутбук Lenovo IdeaPad S145 R341TUN (81UT00LGRK);Сообщите когда появится;https://www.sulpak.kg//g/noutbuk_lenovo_ideapad_s145_r341tun_lenpn7_62_1917
Ультрабук Acer Swift 1 SF114-33 P42SUW Blue (NX.A3FER.002);Сообщите когда появится;https://www.sulpak.kg//g/noutbuk_acer_swift_3_sf114_33_blue__p42suw_nx_a3fer_002_62_1989
Ноутбук Acer Swift 3 SF314-57-34H1 I382UW (NX.HJ5ER.001);Сообщите когда появится;https://www.sulpak.kg//g/noutbuk_acer_swift_3_sf314_57_34h1_blue_i382uw_nx_hj5er_001_62_1863
Ноутбук Asus TUF Gaming FX506LU (90NR0421-M01340);Сообщите когда появится;https://www.sulpak.kg//g/noutbuk_asus_tuf_gaming_fx506lu_90nr0421_m01340_62_2087
Ноутбук Asus UX434F (90NB0MQ5-M07700);Сообщите когда появится;https://www.sulpak.kg//g/noutbuk_asus_ux434f_90nb0mq5_m07700_62_1775
Ноутбук Apple MacBook Air 13″ (2020) i5 1,1/8Gb/512GB SSD Gold (MVH52);Сообщите когда появится;https://www.sulpak.kg//g/noutbuk_apple_macbook_air_2020_gold_i385ux_mvh52_62_1818
Ноутбук Apple MacBook Air 13″ (2020) i5 1,1/8Gb/512GB SSD Silver (MVH42);Сообщите когда появится;https://www.sulpak.kg//g/noutbuk_apple_macbook_air_2020_silver_i385ux_mvh42_62_1817
Ноутбук Apple MacBook Pro 13 2020 Space Grey (MXK52);Сообщите когда появится;https://www.sulpak.kg//g/noutbuk_apple_macbook_pro_13_2020_space_grey_i585ux_mxk52_62_1835
Ноутбук Asus VivoBook S403F (90NB0LP2-M06800);Сообщите когда появится;https://www.sulpak.kg//g/noutbuk_asus_s403f_90nb0lp2_m06800_62_1771
Ноутбук Asus ROG Strix G512L I71615SGN (90NR04D1-M01710);Сообщите когда появится;https://www.sulpak.kg//g/noutbuk_asus_rog_strix_g512l_i71615sgn_90nr04d1_m01710_62_2012
Ноутбук Apple MacBook Pro 13 2020 Space Grey (MWP42);Сообщите когда появится;https://www.sulpak.kg//g/noutbuk_apple_macbook_pro_13_2020_space_grey_i5165ux_mwp42_62_1837
Ноутбук Apple MacBook Pro 13″ M1 3.2/8Gb/512GB SSD Space Gray (MYD92);Сообщите когда появится;https://www.sulpak.kg//g/noutbuk_apple_macbook_pro_13_m1_3_28gb512gb_ssd_space_gray_myd92_62_2074
Ноутбук Lenovo IdeaPad L340 R581TUW (81LW00JSRK);Сообщите когда появится;https://www.sulpak.kg//g/noutbuk_lenovo_ideapad_l340_r581tuw_lenpn8_62_1918
Ноутбук Apple MacBook Air 13″ M1 3.2/8Gb/512GB SSD Space Gray (MGN73);Сообщите когда появится;https://www.sulpak.kg//g/noutbuk_apple_macbook_air_13_m1_3_28gb512gb_ssd_space_gray_mgn73_62_2068
Ноутбук Acer Swift 3 SF314-41 R382SUW (NX.HFEER.007);Сообщите когда появится;https://www.sulpak.kg//g/noutbuk_acer_swift_3_sf314_41_r382suw_nx_hfeer_007_62_2002
Ультрабук Huawei MateBook D15 Bohrk-WAQ9BR;Сообщите когда появится;https://www.sulpak.kg//g/noutbuk_huawei_matebook_d_15_r585suw_bohrk_waq9br_62_2083
Ноутбук Apple MacBook Air 13″ M1 3.2/8Gb/256GB SSD Silver (MGN93);Сообщите когда появится;https://www.sulpak.kg//g/noutbuk_apple_macbook_air_13_m1_3_28gb256gb_ssd_silver_mgn93_62_2069
Ноутбук Acer ConceptD CN515-51 (NX.C4JER.002);Сообщите когда появится;https://www.sulpak.kg//g/noutbuk_acer_conceptd_cn515_51_nx_c4jer_002_62_1701
Ультрабук Lenovo IdeaPad 5 14IIL05 (81YH00NYRK);Сообщите когда появится;https://www.sulpak.kg//g/noutbuk_lenovo_ideapad_5_14iil05_i582suw_81yh00nyrk_62_1970
Ноутбук Acer Swift 3 SF314-41G R585SMW (NX.HF0ER.004);Сообщите когда появится;https://www.sulpak.kg//g/noutbuk_acer_swift_3_sf314_41g_r585smw_nx_hf0er_004_62_2001
"Ноутбук Apple MacBook Pro 16"" i7 2.6/16/512 SSD Silver (MVVL2)";Сообщите когда появится;https://www.sulpak.kg//g/noutbuk_apple_macbook_pro_16_i7_512_silver_mvvl2_62_1705
Ноутбук Asus X509J I341TUN (90NB0QE1-M14800);Сообщите когда появится;https://www.sulpak.kg//g/noutbuk_asus_laptop_15_x509j_i341tun_90nb0qe1_m14800_62_1891
Ноутбук Acer Aspire 3 A315-57G I341TMN (NX.HZRER.005);Сообщите когда появится;https://www.sulpak.kg//g/noutbuk_acer_aspire_3_a315_57g_i341tmn_nx_hzrer_005_62_1996
Ноутбук Asus VivoBook 15 X512J (90NB0QU2-M05430);Сообщите когда появится;https://www.sulpak.kg//g/noutbuk_asus_vivobook_15_x512j_i345suw_90nb0qu2_m05430_62_2036
Ультрабук Apple Macbook Pro 13″ Touch Bar  i5 2.4 /8GB/512GB SSD Silver (MV9A2);Сообщите когда появится;https://www.sulpak.kg//g/ultrabuk_apple_macbook_pro_13_touch_bar_silver_mv9a2rua_62_1531
Ультрабук Huawei MateBook D14 NobelK-WAQ9AR;Сообщите когда появится;https://www.sulpak.kg//g/noutbuk_huawei_matebook_d_14_r582suw_nobelk_waq9ar_62_2082
Ноутбук Asus TUF Gaming FX506L (90NR03T1-M04130);Сообщите когда появится;https://www.sulpak.kg//g/noutbuk_asus_tuf_gaming_fx506l_i5165sgn_90nr03t1_m04130_62_2037
Ультрабук Acer Swift 3 SF314-57G I585SMW (NX.HUEER.002);Сообщите когда появится;https://www.sulpak.kg//g/noutbuk_acer_swift_3_sf314_57g_i585smw_nx_hueer_002_62_1998
Ноутбук Asus VivoBook 14 X412FA-EB1068T I585SUW (90NB0L91-M18520);Сообщите когда появится;https://www.sulpak.kg//g/noutbuk_asus_vivobook_14_x412fa_eb1068t_i585suw_90nb0l91_m18520_62_1944
"Ноутбук Apple MacBook 15"" Touch Bar i7 2.8/16/256 Silver (MPTR2)";Сообщите когда появится;https://www.sulpak.kg//g/noutbuk_apple_macbook_pro_touch_bar_15_dyujmov_mptr2
Ноутбук Apple MacBook Air 13″ i5 1.6/8Gb/256Gb SSD Gold (MREF2);Сообщите когда появится;https://www.sulpak.kg//g/noutbuk_apple_macbook_air_13_gold_2018_256_gb
Ноутбук Acer Aspire 3 A315-23G (NX.HVRER.00E);Сообщите когда появится;https://www.sulpak.kg//g/noutbuk_acer_aspire_3_a315_23g_r345smw_nx_hvrer_00e_62_1995
Ноутбук Asus X509J I561TMW (90NB0RG1-M03100);Сообщите когда появится;https://www.sulpak.kg//g/noutbuk_asus_laptop_15_x509j_i561tmw_90nb0rg1_m03100_62_1890
Ноутбук Acer Predator Triton 700 PT715-51 (NH.Q2LER.004);Сообщите когда появится;https://www.sulpak.kg//g/noutbuk_acer__predator_triton_700_pt715_51_nh_q2ler_004
Ноутбук Apple MacBook Pro 13 2020 Silver (MXK72);Сообщите когда появится;https://www.sulpak.kg//g/noutbuk_apple_macbook_pro_13_2020_silver_i585ux_mxk72_62_1836
Ноутбук Acer Nitro 5 AN515-55 I5165SGN (NH.Q7PER.006);Сообщите когда появится;https://www.sulpak.kg//g/noutbuk_acer_nitro_5_an515_55_i5165sgn_nh_q7per_006_62_2024
Ноутбук HP Europe 15s-fq2039ur (321H7EAACB);Сообщите когда появится;https://www.sulpak.kg//g/noutbuk_hp_europe_15s_fq2039ur_321h7eaacb_62_2096
Ноутбук Asus ZenBook 14 UM431D R582UW (90NB0PB3-M01040);Сообщите когда появится;https://www.sulpak.kg//g/noutbuk_asus_zenbook_14_um431d_r582uw_90nb0pb3_m01040_62_1810
Ультрабук Acer Swift 3 SF314-41 R585SUW (NX.HFDER.007);Сообщите когда появится;https://www.sulpak.kg//g/noutbuk_acer_swift_3_sf314_41_r585suw_nx_hfder_007_62_1994
Ноутбук Acer Aspire 7 A715-75G (NH.Q9AER.005);Сообщите когда появится;https://www.sulpak.kg//g/noutbuk_acer_aspire_7_a715_75g_i585sgn_nh_q9aer_005_62_2020
Названия;Цена;Наличии
Ультрабук Acer Swift 1 SF114-32-C6XS (NX.GXVER.001) Sparkly Silver;37 990 сомЦена:33 590 сом;https://www.sulpak.kg//g/noutbuk_acer_swift_1_sf113_31_pure_silver_nx_gxver_001_62_1496
Ноутбук Acer Nitro 5 AN515-44 R585SGN (NH.Q9HER.007);75 990 сомЦена:71 990 сом;https://www.sulpak.kg//g/noutbuk_acer_nitro_5_an515_44_r585sgn_nh_q9her_007_62_2021
Ноутбук Acer Extensa 15 EX215-52-36GF (NX.EG8ER.01U);43 990 сомЦена:41 990 сом;https://www.sulpak.kg//g/noutbuk_acer_extensa_15_ex215_52_36gf_nx_eg8er_01u_62_2089
Ноутбук Acer TravelMate TMB118-M-C6JP C46SUW (NX.VHSER.00A);Цена:31 990 сом;https://www.sulpak.kg//g/noutbuk_acer_travelmate_tmb118_m_c6jp_c46suw_nx_vhser_00a_62_2084
Ультрабук Acer Swift 1 SF114-32 (NX.GXUER.00E);Цена:37 990 сом;https://www.sulpak.kg//g/noutbuk_acer_swift_1_sf114_32_c41suw_nx_gxuer_00e_62_2027
Ноутбук Acer Nitro 5 AN515-55 I585SGN (NH.Q7PER.002);Цена:83 990 сом;https://www.sulpak.kg//g/noutbuk_acer_nitro_5_an515_55_i585sgn_nh_q7per_002_62_2023
Ноутбук Acer Swift 1 SF114-32 Silver (NX.GXUER.00B);Цена:43 990 сом;https://www.sulpak.kg//g/noutbuk_acer_swift_1_sf114_32_silver_nx_gxuer_00b_62_1720
Ультрабук Lenovo IdeaPad 5 14IIL05 (81YH00KERK);59 990 сомЦена:53 090 сом;https://www.sulpak.kg//g/noutbuk_lenovo_ideapad_s540_i382uw_lenpn10_62_1922
Ноутбук Lenovo Ideapad S145-15IIL (81W800KNRK);43 990 сомЦена:41 990 сом;https://www.sulpak.kg//g/noutbuk_lenovo_ideapad_s145_81w800knrk_62_1782
Ноутбук Lenovo V14-IGL (82C2000YRU);31 990 сомЦена:25 990 сом;https://www.sulpak.kg//g/noutbuk_lenovo_v14_igl_82c2000yru_62_2090
Ноутбук Lenovo Legion Y540-15IRH (81SX016VRK);Цена:87 990 сом;https://www.sulpak.kg//g/noutbuk_lenovo_legion_y540_15irh_i5161tsgn_81sx016vrk_62_1976
Ноутбук Lenovo Legion Y720 (80VR001URK);Цена:143 590 сом;https://www.sulpak.kg//g/noutbuk_lenovo_y720_80vr001urk
Ноутбук Lenovo IdeaPad 3 I381TMW (81WE00Q7RK);Цена:49 990 сом;https://www.sulpak.kg//g/noutbuk_lenovo_ideapad_3_i381tmw_lenpn3_62_1913
Ультрабук Acer Swift 1 SF114-33 P42SUW Silver (NX.HYSER.002);Цена:43 990 сом;https://www.sulpak.kg//g/noutbuk_acer_swift_3_sf114_33_silver__p42suw_nx_hyser_002_62_1992
Ультрабук  Acer Swift 1 SF114-33 P41SUW Blue (NX.A3FER.001);Цена:41 990 сом;https://www.sulpak.kg//g/noutbuk_acer_swift_3_blue_sf114_33_p41suw_nx_a3fer_001_62_1990
Ультрабук Acer Swift 1 SF114-33 Silver (NX.HYSER.001);Цена:41 990 сом;https://www.sulpak.kg//g/noutbuk_acer_swift_3_silver_sf114_33_p41suw_nx_hyser_001_62_1991
Ультрабук Dell Inspiron 5401 I585SMN 210-AVOM-A4;Цена:73 990 сом;https://www.sulpak.kg//g/noutbuk_dell_inspiron_5401_i585smn_210_avom_a4_62_2050
Ноутбук Lenovo IdeaPad 5 14IIL05 (81YH00J4RK);Цена:59 990 сом;https://www.sulpak.kg//g/noutbuk_lenovo_ideapad_5_14iil05_i585suw_81yh00j4rk_62_1971
Ультрабук Asus VivoBook 15 X512J (90NB0QU2-M14900);Цена:51 990 сом;https://www.sulpak.kg//g/ultrabuk_asus_vivobook_15_x512j_90nb0qu2_m14900_62_2140
Ноутбук Lenovo Idea Pad Gaming 3 15IMH05 (81Y400MPRK);Цена:75 990 сом;https://www.sulpak.kg//g/noutbuk_lenovo_idea_pad_gaming_3_15imh05_i585sgn_81y400mprk_62_1974
Ноутбук Asus X515JA-EJ013T (90NB0SR2-M05420);49 990 сомЦена:45 990 сом;https://www.sulpak.kg//g/noutbuk_asus_laptops_15_x515ja_ej013t_i342suw_90nb0sr2_m05420_62_2142
Ноутбук Acer Aspire 3 A315-57G (NX.HZRER.008);Цена:47 990 сом;https://www.sulpak.kg//g/noutbuk_acer_aspire_3_a315_57g_i341tmw_nx_hzrer_008_62_1983
Ноутбук Lenovo IdeaPad 3 15ADA05 (81W100RBRK);Цена:33 990 сом;https://www.sulpak.kg//g/noutbuk_lenovo_ideapad_3_15ada05_a41tuw_81w100rark_62_1962
Ноутбук Asus TUF Gaming FX506LI (90NR03T2-M06290);Цена:87 990 сом;https://www.sulpak.kg//g/noutbuk_asus_tuf_gaming_fx506li_90nr03t2_m06290_62_2156
Ноутбук Asus X515EA-BQ091T I342SUW (90NB0TY3-M01220);Цена:47 990 сом;https://www.sulpak.kg//g/noutbuk_asus_laptops_15_x515ea_bq091t_i342suw_90nb0ty3_m01220_62_2143
Ноутбук lenovo IdeaPad 3 (81WE005YRK);Цена:41 990 сом;https://www.sulpak.kg//g/noutbuk_lenovo_ideapad_3_81we005yrk_62_2205
Ноутбук Lenovo IdeaPad 3 (81WD00YMRK);Цена:43 990 сом;https://www.sulpak.kg//g/noutbuk_lenovo_ideapad_s3_81wd00ymrk_62_2138
Ноутбук Acer Nitro 5 AN515-55-50CH (NH.Q7MER.005);Сообщите когда появится;https://www.sulpak.kg//g/noutbuk__nitro_5_an515_55_50ch_i585gn_nh_q7mer_005_62_1878
Ноутбук Acer Aspire 3 A315-56 I341TUN (NX.HS5ER.00V);Сообщите когда появится;https://www.sulpak.kg//g/noutbuk_acer_aspire_3_a315_56_i341tun_nx_hs5er_00v_62_1987
Ноутбук Asus ZenBook UM431DA-AM020T R785UW (90NB0PB3-M01810);Сообщите когда появится;https://www.sulpak.kg//g/noutbuk_asus_zenbook_um431da_am020t_r785uw_90nb0pb3_m01810_62_1747
Ноутбук Apple MacBook Air 13″ i5 1.8/8Gb/128SSD Silver (MQD32);Сообщите когда появится;https://www.sulpak.kg//g/noutbuk_apple_macbook_air_13_mqd32rua
Ноутбук Lenovo IdeaPad Gaming 3 I781T1SGN (81Y400NTRK);Сообщите когда появится;https://www.sulpak.kg//g/noutbuk_lenovo_ideapad_gaming_3_i781t1sgn_lenpn1_62_1911
Ноутбук Acer Aspire 7 Gaming  A715-75G-701Q (NH.Q87ER.00F);Сообщите когда появится;https://www.sulpak.kg//g/noutbuk_acer_aspire_7_gaming_a715_75g_701q_i7165gn_nh_q87er_00f_62_1869
Ноутбук Asus ZenBook 14 UX425E (90NB0SM1-M00250);Сообщите когда появится;https://www.sulpak.kg//g/noutbuk_asus_zenbook_14_ux425e_90nb0sm1_m00250_62_2098
Ноутбук Asus Rog Zephyrus GA401I (90NR03I6-M05840);Сообщите когда появится;https://www.sulpak.kg//g/noutbuk_asus_rog_zephyrus_ga401i_r7165sgn_90nr03i6_m05840_62_2041
Ноутбук Apple MacBook Air 13″ (2020) i3 1,1/8Gb/256GB SSD Space Gray (MWTJ2);Сообщите когда появится;https://www.sulpak.kg//g/noutbuk_apple_macbook_air_2020_space_grey_i382ux_mwtj2_62_1813
Ноутбук Acer Nitro 5 AN515-44 R5165SGN (NH.Q9HER.00L);Сообщите когда появится;https://www.sulpak.kg//g/noutbuk_acer_nitro_5_an515_44_r5165sgn_nh_q9her_00l_62_2022
Ноутбук Acer Swift 3 SF314-57G-59DK I585MW (NX.HUGER.002);Сообщите когда появится;https://www.sulpak.kg//g/noutbuk_acer_swift_3_sf314_57g_59dk_i585mw_nx_huger_002_62_1866
Ноутбук Apple MacBook Air 13″ M1 3.2/8Gb/256GB SSD Space Gray (MGN63);Сообщите когда появится;https://www.sulpak.kg//g/noutbuk_apple_macbook_air_13_8gb256gb_ssd_space_gray_mgn63_62_2067
Ноутбук Acer Aspire 3 A315-34 C41TUW (NX.HE3ER.011);Сообщите когда появится;https://www.sulpak.kg//g/noutbuk_acer_aspire_3_a315_34_c41tuw_nx_he3er_011_62_1982
Ноутбук Apple MacBook Air 13″ (2020) i5 1,1/8Gb/512GB SSD Space Gray (MVH22);Сообщите когда появится;https://www.sulpak.kg//g/noutbuk_apple_macbook_air_2020_space_grey_i385ux_mvh22_62_1816
Ноутбук Asus TUF Gaming FX505GT (90NR02M2-M03250);Сообщите когда появится;https://www.sulpak.kg//g/noutbuk_asus_tuf_gaming_fx505g_i585sgn_90nr02m2_m03250_62_2008
Ноутбук Acer Nitro 5 AN515-44-R329 (NH.Q9GER.006);Сообщите когда появится;https://www.sulpak.kg//g/noutbuk__nitro_5_an515_44_r329_r5165gn_nh_q9ger_006_62_1884
Ноутбук Acer Aspire 3 A315-23G-R029 A85MW (NX.HVRER.00F);Сообщите когда появится;https://www.sulpak.kg//g/noutbuk_acer_aspire_3_a315_23g_r029_a85mw_nx_hvrer_00f_62_1853
Ноутбук Lenovo Ideapad S145 (81N300DXRK);Сообщите когда появится;https://www.sulpak.kg//g/noutbuk_lenovo_ideapad_s145_81n300dxrk_62_1780
Ноутбук Asus TUF Gaming FX506L (90NR03T2-M01550);Сообщите когда появится;https://www.sulpak.kg//g/noutbuk_asus_tuf_gaming_fx506l_i585sgn_90nr03t2_m01550_62_2017
Ноутбук Apple MacBook Air 13″ (2020) i3 1,1/8Gb/256GB SSD Gold (MWTL2);Сообщите когда появится;https://www.sulpak.kg//g/noutbuk_apple_macbook_air_2020_gold_i385ux_mwtl2_62_1815
Ноутбук Lenovo IdeaPad 5 15IIL05 I342UW (81YK00PKRK);Сообщите когда появится;https://www.sulpak.kg//g/noutbuk_lenovo_ideapad_s540_i342uw_lenpn10_62_1920
Ноутбук Asus E Gaming X571G I585SGN (90NB0NL1-M11970);Сообщите когда появится;https://www.sulpak.kg//g/noutbuk_asus_e_gaming_x571g_i585gn_90nb0nl1_m11960_62_1893
Ноутбук Asus X509J (90NB0QE2-M04160);Сообщите когда появится;https://www.sulpak.kg//g/noutbuk_asus_laptop_15_x509j_i341tun_90nb0qe2_m04160_62_1892
Ноутбук Apple MacBook Air 13″ (2020) i3 1,1/8Gb/256GB SSD Silver (MWTK2);Сообщите когда появится;https://www.sulpak.kg//g/noutbuk_apple_macbook_air_2020_silver_i382ux_mwtk2_62_1814
Ноутбук Acer Predator Triton 300 PT315-52-58EU (NH.Q7BER.004);Сообщите когда появится;https://www.sulpak.kg//g/noutbuk__predator_triton_300_pt315_52_58eu_i5161tsgn_nh_q7ber_004_62_1870
Ультрабук Apple MacBook Air 13'' i5 1,6/8Gb/128GB SSD Space Grey (MVFH2);Сообщите когда появится;https://www.sulpak.kg//g/ultrabuk_apple_macbook_air_2019_space_gray_mvfh2rua_62_1737
Ноутбук Asus X509J (90NB0QD2-M05690);Сообщите когда появится;https://www.sulpak.kg//g/noutbuk_asus_laptops_15_x509j_i341tmw_90nb0qd2_m05690_62_2044
Ноутбук Lenovo IdeaPad Gaming 3 I781T1SGN (81Y400NVRK);Сообщите когда появится;https://www.sulpak.kg//g/noutbuk_lenovo_ideapad_gaming_3_i781t1sgn_lenpn6_62_1916
"Ноутбук Apple MacBook Pro 16"" i9 2.3/16/1TB SSD Space Grey (MVVK2)";Сообщите когда появится;https://www.sulpak.kg//g/noutbuk_apple_macbook_pro_16_i9_1000_space_grey_mvvk2_62_1706
Ноутбук Asus TUF Gaming FX706L (90NR03S2-M01990);Сообщите когда появится;https://www.sulpak.kg//g/noutbuk_asus_tuf_gaming_fx706l_i5165sgn_90nr03s2_m01990_62_2038
Ноутбук Asus X509UA-BR039T (90NB0NC2-M05520);Сообщите когда появится;https://www.sulpak.kg//g/noutbuk_asus_laptops_15_x509ua_br039t_i341tuw_90nb0nc2_m05520_62_1947
Ноутбук Apple MacBook Pro 13″ M1 3.2/8Gb/256GB SSD Space Gray (MYD82);Сообщите когда появится;https://www.sulpak.kg//g/noutbuk_apple_macbook_pro_13_m1_3_28gb256gb_ssd_space_gray_myd82_62_2073
Ноутбук Asus TUF Gaming FA506I R585GN (90NR03M2-M04110);Сообщите когда появится;https://www.sulpak.kg//g/noutbuk_asus_tuf_gaming_fa506i_r585gn_90nr03m2_m04110_62_1898
Ультрабук Asus E410MA (90NB0Q16-M05550);Сообщите когда появится;https://www.sulpak.kg//g/noutbuk_asus_e410ma_s41suw_90nb0q16_m05550_62_2078
"Ноутбук Apple MacBook Pro 16"" Space Grey (MVVJ2)";Сообщите когда появится;https://www.sulpak.kg//g/noutbuk_apple_macbook_pro_16_i7512_space_grey_mvvj2_62_1704
